[
    {
        "name" : "pluto",
        "company" : "buaa",
        "essay" : ["none","none","none"],
        "year" : 2002,
        "source" : "buaa"

    },
    {
        "name" : "pluto",
        "company" : "buaa",
        "essay" : ["none","none","none"],
        "year" : 2002,
        "source" : "buaa"
    },
    {
        "name" : "pluto",
        "company" : "buaa",
        "essay" : ["none","none","none"],
        "year" : 2002,
        "source" : "buaa"
    },
    {
        "name" : "pluto",
        "company" : "buaa",
        "essay" : ["none","none","none"],
        "year" : 2002,
        "source" : "buaa"
    }
]