[
    {"name" : "农林牧渔"},
    {"name" : "卫生  "},
    {"name" : "科学研究"},
    {"name" : "建筑  "},
    {"name" : "能源  "},
    {"name" : "冶炼  "},
    {"name" : "交通运输"},
    {"name" : "制造  "},
    {"name" : "信息技术"},
    {"name" : "贸易  "},
    {"name" : "党政  "},
    {"name" : "社团  "},
    {"name" : "国防  "},
    {"name" : "法律  "},
    {"name" : "金融  "},
    {"name" : "教育  "},
    {"name" : "公共文化"},
    {"name" : "社会服务"}

]