[
    {
        "name":"清华大学",
        "pic":"../assets/pic1.jpg"
    },
    {
        "name":"北京大学",
        "pic":"../assets/pic2.jpg"
    },
    {
        "name":"北京航空航天大学",
        "pic":"../assets/pic3.jpg"
    },
    {
        "name":"北京航空航天大学",
        "pic":"../assets/pic3.jpg"
    },
    {
        "name":"北京航空航天大学",
        "pic":"../assets/pic3.jpg"
    },
    {
        "name":"北京航空航天大学",
        "pic":"../assets/pic3.jpg"
    },
    {
        "name":"北京航空航天大学",
        "pic":"../assets/pic3.jpg"
    }
]